word,frequency
de,1435
a,674
o,517
e,395
da,357
em,331
do,302
que,302
no,263
um,252
com,196
na,194
homem,191
foi,184
uma,180
para,166
por,155
anos,137
gnr,137
hoje,120
se,116
2020,116
os,116
à,113
fonte,106
ao,93
local,77
dos,74
as,74
das,72
polícia,67
disse,62
segundo,61
sido,61
lusa,55
porto,54
foram,54
ainda,52
vítima,52
não,50
comunicado,49
vila,48
detido,47
nov,47
após,46
bombeiros,44
ter,44
pela,43
dez,42
cerca,41
tendo,41
feira,41
distrito,40
dois,40
estado,40
pelo,38
depois,38
pessoas,38
lisboa,37
hospital,36
comando,36
suspeito,35
ser,35
nova,35
numa,33
fogo,33
concelho,31
acordo,31
sua,31
autoridades,30
crime,30
quando,30
psp,30
militares,30
num,30
durante,29
braga,29
agência,29
às,28
acidente,28
out,27
30,27
força,27
dado,27
judiciária,27
investigação,27
já,26
alerta,26
tinha,25
mulher,25
tribunal,25
pelas,25
19,24
policial,24
onde,24
viatura,24
quatro,23
casa,23
emergência,23
morreu,23
sem,23
guarda,23
terá,23
mesma,22
pj,22
morte,22
arma,22
ocorreu,22
corpo,22
nacional,22
20,22
castelo,22
12,21
arguido,21
nota,21
tráfico,21
são,21
encontrado,21
violência,21
prisão,21
está,20
três,20
gaia,20
primeiro,20
mas,20
judicial,20
ação,20
mais,20
sequência,20
estava,19
duas,19
homens,19
incêndio,19
caso,19
informou,19
entre,19
euros,19
territorial,19
acg,18
grave,18
ficou,18
aveiro,18
seu,18
setúbal,18
médica,18
é,18
governo,18
00,17
socorro,17
segurança,17
detenção,17
cidade,17
segunda,17
junto,17
sete,16
rio,16
apreendeu,16
aquela,16
até,16
lhe,16
nos,16
anunciou,16
zona,16
morto,16
adiantou,16
doméstica,16
viana,15
veículo,15
jap,15
detém,15
deteve,15
como,15
santa,15
proteção,15
acrescentou,15
freguesia,15
16,15
refere,15
covid,15
transportado,15
quilos,15
marítima,15
vítimas,15
ferido,15
17,15
25,14
presente,14
15,14
coação,14
também,14
autoridade,14
armas,14
âmbito,14
devido,14
distrital,14
esta,14
operações,14
morre,14
ferimentos,14
ocorrência,13
posto,13
através,13
22,13
nas,13
óbito,13
sobre,13
droga,13
14,13
física,13
embarcação,13
jfo,13
medidas,13
cdos,13
referiu,13
indicou,13
penafiel,13
metros,13
60,13
viaturas,13
controlo,12
reanimação,12
50,12
desde,12
10,12
pelos,12
mãe,12
província,12
antecedentes,12
ataque,12
criminais,12
outro,12
civil,12
domingo,12
este,12
sábado,12
norte,12
companheira,12
doses,12
automóvel,12
corporação,12
incidente,12
vida,12
estão,12
haxixe,11
roc,11
maria,11
buscas,11
11,11
dentro,11
explicou,11
condutor,11
mesmo,11
fuga,11
país,11
vmer,11
interrogatório,11
ministério,11
criminal,11
estrada,11
vários,11
preventiva,11
encontra,11
portalegre,11
ministro,11
seis,11
tarde,10
habitação,10
gravidade,10
era,10
27,10
núcleo,10
encontrava,10
jovem,10
menos,10
cinco,10
tratos,10
meio,10
jgj,10
além,10
meios,10
prática,10
unidade,10
feridos,10
detidos,10
ano,10
posse,10
contra,10
ameaças,10
13,10
leiria,10
maus,10
fiscalização,10
comandante,9
pública,9
declarado,9
homicídio,9
conta,9
crimes,9
árvore,9
noite,9
real,9
matou,9
ribeira,9
interior,9
forma,9
celorico,9
república,9
suspeitos,9
21,9
centro,9
busca,9
locais,9
ex,9
luanda,9
mp,9
ou,9
operacionais,9
trabalho,9
inem,9
ambulância,9
instituto,8
denúncia,8
total,8
público,8
guimarães,8
mcl,8
factos,8
cometlis,8
estar,8
nove,8
informações,8
despiste,8
beira,8
baleado,8
transporte,8
início,8
grande,8
acrescenta,8
equipa,8
felgueiras,8
sofreu,8
ligeiros,8
eletrónica,8
saúde,8
veículos,8
elementos,8
austrália,8
boiar,8
48,8
apreensão,8
cocaína,8
transportada,8
deste,8
aos,8
milhões,8
operação,8
famalicão,8
lê,8
ilegal,8
dia,8
daquela,8
santo,8
msp,8
acabou,8
água,8
câmara,8
legal,8
estupefacientes,8
suspeitas,8
porta,8
serviço,8
procuradoria,7
remetidos,7
09,7
metropolitano,7
rua,7
qualquer,7
bebidas,7
mil,7
grupo,7
geral,7
provocou,7
perto,7
josé,7
praia,7
basto,7
tiro,7
causas,7
costa,7
meses,7
redação,7
altura,7
ponte,7
cadáver,7
presidente,7
18,7
barcelos,7
casal,7
vai,7
estaria,7
ligeiro,7
aeroporto,7
apreende,7
oito,7
maputo,7
alto,7
há,7
suspeita,7
jls,7
agressor,7
enquanto,7
quarta,7
26,7
voluntários,7
todos,7
branco,7
estabelecimento,7
tomou,7
domiciliária,7
várias,7
24,7
voz,7
disparos,7
aplicação,7
moçambique,6
restaurante,6
foz,6
estiveram,6
outubro,6
contraordenação,6
proibido,6
lagoa,6
mobilizados,6
sul,6
04,6
vcp,6
idanha,6
familiar,6
exploração,6
página,6
37,6
imprensa,6
graves,6
imediato,6
mogadouro,6
outras,6
envolveu,6
28,6
agora,6
responsável,6
hospitalar,6
apreendido,6
52,6
danos,6
patrulhamento,6
instrução,6
quem,6
residência,6
medicina,6
membros,6
informaram,6
lima,6
esteve,6
entretanto,6
seia,6
vivia,6
manhã,6
indiciado,6
localidade,6
alegadamente,6
menores,6
naquela,6
teve,6
klm,6
évora,6
amarante,6
morreram,6
diligências,6
tipo,6
33,6
terça,6
desordem,6
cair,6
pena,6
2,6
dinheiro,6
apenas,6
heroína,6
cumprimento,6
armado,6
afirmou,6
policiais,6
23,6
jps,6
atingido,6
descarga,6
ar,6
acusado,6
constituído,6
filha,6
queda,6
caído,6
matosinhos,6
antónio,6
municipal,6
crianças,6
cardiorrespiratória,6
chegou,6
500,6
futebolista,6
guadiana,5
coima,5
cissé,5
soumaila,5
alegado,5
ataques,5
publicada,5
munições,5
envolvidos,5
revelou,5
martins,5
sintra,5
queimaduras,5
deu,5
debate,5
consumo,5
paredes,5
neste,5
paragem,5
encontraram,5
psicologicamente,5
valença,5
assim,5
ficaram,5
conde,5
telhado,5
joão,5
efetuada,5
houve,5
muito,5
vigilância,5
tem,5
faca,5
400,5
presença,5
angola,5
criança,5
jogo,5
atropelamento,5
penaguião,5
bissau,5
france,5
quais,5
alguns,5
momento,5
auto,5
identificado,5
2017,5
pai,5
59,5
3,5
mértola,5
presentes,5
mortos,5
29,5
faro,5
deslocaram,5
55,5
amadora,5
síria,5
costeiro,5
mar,5
tubarão,5
branca,5
fontes,5
disseram,5
jef,5
terceiro,5
viveiros,5
atentado,5
pulseira,5
tca,5
lobos,5
aconteceu,5
animais,5
sexual,5
quase,5
telemóveis,5
possível,5
sob,5
prédio,5
espinho,5
quarentena,5
sendo,5
monção,5
terem,5
trabalhar,5
ricardo,5
madrugada,5
autor,5
medida,5
poste,5
camião,5
61,5
brava,5
47,5
edifício,5
idade,5
instalações,5
34,5
novembro,5
outros,5
feita,5
hotéis,5
maradona,5
adianta,5
valor,5
caranguejo,5
marta,5
anunciado,5
05,5
receber,5
primeira,5
investigar,5
começou,5
méxico,5
efluentes,4
solo,4
angra,4
lugar,4
fica,4
juiz,4
marvão,4
sapadores,4
natural,4
1,4
heroísmo,4
caiu,4
seus,4
esfaqueado,4
motorista,4
festa,4
desaparecido,4
angolana,4
teste,4
agressão,4
ele,4
reféns,4
geórgia,4
decurso,4
será,4
balas,4
apuraram,4
reiterada,4
hong,4
kong,4
belmonte,4
informação,4
comprimido,4
tentar,4
palmela,4
ir,4
trabalhava,4
desta,4
31,4
quinta,4
pilotos,4
ficando,4
trofa,4
facto,4
holandês,4
disparo,4
fugiu,4
final,4
gabinete,4
victoria,4
filhos,4
algarve,4
sines,4
sentido,4
cargo,4
circunstâncias,4
acabando,4
máquinas,4
discussão,4
moçambicana,4
motivos,4
prm,4
português,4
levaram,4
mortes,4
teria,4
ficado,4
caçadeira,4
inalação,4
fumo,4
chefe,4
residente,4
cães,4
volta,4
apreendida,4
comportamento,4
grau,4
islâmico,4
viena,4
agente,4
estádio,4
ilegais,4
diversos,4
avançou,4
motociclo,4
conduzia,4
tentativa,4
registado,4
china,4
ajuda,4
passou,4
2019,4
785,4
ucc,4
encaminhado,4
apm,4
barreiro,4
siv,4
planeamento,4
deslocou,4
aparentemente,4
apreendidos,4
qual,4
40,4
03,4
maia,4
contactar,4
estarreja,4
cisterna,4
apoiados,4
promes,4
alemanha,4
vm,4
referido,4
proprietário,4
trier,4
apoio,4
índia,4
mandado,4
afp,4
parte,4
novo,4
06,4
pinheiro,4
mendes,4
secretário,4
situação,4
ângulo,4
abc,4
gasolina,4
matar,4
estavam,4
noticiou,4
enviado,4
fpi,4
ocorrido,4
antes,4
confirmado,4
médico,4
suporte,4
arcos,4
valdevez,4
fazer,4
filipe,4
condenado,4
borracha,4
cabeceiras,4
tirso,4
manteve,4
libertação,4
jacarta,4
quilogramas,4
bens,4
capturado,4
captura,4
eua,4
via,4
atum,4
rabilho,4
pesca,4
08,4
lfs,4
seguimento,4
solidariedade,4
toneladas,4
berbigão,4
medical,4
mali,4
passado,4
center,4
imobiliário,4
pescado,4
espécie,4
fez,4
livre,4
jh,3
perigo,3
reunia,3
julho,3
retirado,3
então,3
indícios,3
confirmou,3
desapareceu,3
indivíduo,3
oficial,3
ambiental,3
informa,3
diretamente,3
algumas,3
nme,3
regional,3
apreender,3
embarcações,3
populares,3
terceira,3
contou,3
côa,3
famílias,3
últimos,3
mata,3
infração,3
calibre,3
elaborado,3
iorque,3
hyderabad,3
inundações,3
pgr,3
telemóvel,3
região,3
frança,3
população,3
oeste,3
visto,3
deles,3
testes,3
cartaxo,3
cunene,3
54,3
serra,3
necessidade,3
salientando,3
declarou,3
apuradas,3
maior,3
conseguiu,3
explica,3
canábis,3
semana,3
quarto,3
sinais,3
águas,3
6,3
social,3
rainha,3
quaisquer,3
alcobaça,3
amarrado,3
resultando,3
apartamento,3
crustáceos,3
militar,3
objetivo,3
recurso,3
madeira,3
pistola,3
paços,3
ferreira,3
detetaram,3
dada,3
pés,3
alertada,3
sozinho,3
69,3
eventual,3
transportadora,3
delito,3
56,3
apurar,3
alcoólicas,3
transportava,3
bivalves,3
tratar,3
bernardo,3
banco,3
atropelado,3
destacamento,3
caldas,3
combate,3
individuais,3
eleições,3
ej,3
crítico,3
realizada,3
localizado,3
ria,3
outra,3
mariscadores,3
esclarece,3
santarém,3
pandemia,3
ordem,3
referenciado,3
bairro,3
levou,3
habitual,3
havendo,3
assistido,3
divulgou,3
protesto,3
murtosa,3
jdn,3
02,3
mem,3
processo,3
qualificado,3
intervenção,3
aves,3
assistência,3
limpar,3
presse,3
aproximar,3
dezembro,3
descreve,3
desconhecendo,3
família,3
cortava,3
feridas,3
acontecido,3
trânsito,3
município,3
encontrada,3
conduzido,3
8,3
considerou,3
ela,3
62,3
machados,3
companhia,3
drogas,3
furtos,3
confeitaria,3
domiciliárias,3
compareceram,3
produto,3
estupefaciente,3
republicana,3
isolamento,3
morrer,3
funcionário,3
07,3
fardos,3
2012,3
olhão,3
caça,3
materiais,3
ei,3
suas,3
viajar,3
entregue,3
macron,3
fúteis,3
sala,3
melbourne,3
máxima,3
óbidos,3
caçar,3
vidas,3
colocado,3
perseguir,3
largo,3
portugal,3
construção,3
luz,3
ambiente,3
procuradores,3
guiné,3
gravemente,3
proibida,3
suficiente,3
bié,3
travessia,3
determinar,3
tondela,3
viseu,3
valongo,3
trata,3
poço,3
avião,3
motor,3
borba,3
profilático,3
feito,3
registada,3
ferida,3
autoestrada,3
sistema,3
2016,3
aldeia,3
quilómetros,3
detetada,3
grandes,3
agredido,3
bragança,3
obra,3
internacional,3
efetiva,3
deslocação,3
nível,3
01,3
coletividade,3
regras,3
atleta,3
nome,3
idosa,3
beja,3
300,3
abuso,3
mirandela,3
todo,3
jmc,3
desculpa,3
erros,3
líder,3
cais,3
decidiu,3
mortal,3
portimão,3
familiares,3
manutenção,3
corpos,3
douro,3
internet,3
svf,3
maltratar,3
ameaçar,3
espécies,3
lhes,3
dirigente,3
cidadãos,3
2021,3
oleiros,3
alportel,3
alex,3
apolinário,3
estamos,3
cima,3
posteriormente,3
devolvidos,3
recuperação,3
ligações,3
narcotráfico,3
capital,3
proibição,3
mês,3
cidadão,3
5,3
esposa,3
noroeste,3
fpa,3
feriu,3
projeto,3
punível,3
estes,3
rodoviária,3
jml,3
costas,3
causa,3
entrega,3
alverca,3
coma,3
desaparecimento,3
eletrocutado,2
brás,2
nfo,2
induzido,2
violação,2
dias,2
odeleite,2
envolvendo,2
gandarela,2
damasco,2
vitória,2
seria,2
viagem,2
levado,2
internacionais,2
horas,2
vivo,2
música,2
existência,2
aceitar,2
remuneratórios,2
suplementos,2
sic,2
angolanas,2
pecuários,2
pecuário,2
efluente,2
acusa,2
veda,2
período,2
sicários,2
sca,2
respetivas,2
habitat,2
chegada,2
arredores,2
emissão,2
vício,2
satisfazer,2
precisou,2
dando,2
gondomar,2
73,2
mataram,2
psicológicos,2
setembro,2
9,2
pandamari,2
veríssimo,2
lunda,2
tripulantes,2
indevidamente,2
processos,2
ver,2
eles,2
mensais,2
mapas,2
acusou,2
poder,2
controlado,2
raio,2
ameaçava,2
peculato,2
agentes,2
efetuaram,2
desaparecida,2
encontrou,2
pli,2
resgatado,2
tua,2
mad,2
dar,2
apurou,2
89,2
anp,2
vingança,2
relacionado,2
michoacán,2
mexicano,2
dessa,2
suplemento,2
incluiu,2
concluiu,2
desfecho,2
juarce,2
falha,2
estabelecimentos,2
têm,2
identificou,2
permitiu,2
atividade,2
ana,2
aeroportos,2
fazia,2
aérea,2
matter,2
lives,2
black,2
manifestação,2
profundidade,2
colega,2
mortalmente,2
próprios,2
carvalho,2
injúrias,2
montante,2
ontem,2
cara,2
poiares,2
velocidade,2
alta,2
manhattan,2
habitações,2
casas,2
tdi,2
el,2
minho,2
assaltos,2
registo,2
32,2
aeronave,2
aterrou,2
assalto,2
procura,2
instituição,2
regime,2
comercialização,2
mortais,2
espingarda,2
resultou,2
mobilizou,2
terrenos,2
movimentos,2
prisional,2
tubarões,2
deputados,2
identificação,2
trato,2
390,2
álcool,2
escalada,2
verbais,2
ofensas,2
físicas,2
milheirós,2
registadora,2
caixa,2
41,2
sindicato,2
air,2
redução,2
resgatados,2
58,2
terão,2
d,2
infante,2
começado,2
rn,2
anunciada,2
deputado,2
pmf,2
palácio,2
nacionalidade,2
tiveram,2
revela,2
sujeito,2
plano,2
salários,2
reduzir,2
si,2
baixas,2
constituiu,2
legislativas,2
agressões,2
divulgada,2
finanças,2
pedro,2
encontravam,2
estarem,2
minutos,2
meia,2
perante,2
46,2
injuriado,2
controlar,2
levada,2
europeia,2
enguia,2
gomes,2
fernandes,2
aceitou,2
postos,2
flagrante,2
pornografia,2
centenas,2
adiantando,2
desabou,2
200,2
povo,2
fyp,2
reforço,2
balança,2
nic,2
cultivo,2
evento,2
havia,2
campo,2
extinção,2
natureza,2
ilícitos,2
objetos,2
trimestre,2
arroios,2
mercado,2
ambulâncias,2
junho,2
jihadistas,2
cativeiro,2
antigo,2
san,2
negligência,2
alegada,2
trimarchi,2
clínica,2
entregues,2
mulheres,2
irmã,2
áreas,2
hotel,2
jardim,2
39,2
doentes,2
opositor,2
começaram,2
natal,2
venda,2
lei,2
desconhecido,2
situado,2
lmc,2
judiciais,2
aires,2
maioria,2
2018,2
indonésio,2
radical,2
nem,2
elemento,2
notícia,2
oposição,2
partido,2
igualmente,2
proibiu,2
organização,2
7,2
detetado,2
fresco,2
limitada,2
investimentos,2
empresas,2
quer,2
uso,2
pertence,2
islâmica,2
frente,2
indonésia,2
corporações,2
esfaqueamento,2
desentendimento,2
realizados,2
nordeste,2
fere,2
imediata,2
buenos,2
vivos,2
encontrarem,2
70,2
pacientes,2
cortiço,2
pedir,2
ido,2
negativo,2
seguia,2
lutucuta,2
sílvia,2
violar,2
afe,2
psicológica,2
imaturo,2
redações,2
pequim,2
comunicação,2
consumidor,2
refugiou,2
chamas,2
deflagrou,2
elaboração,2
terminar,2
75,2
marcas,2
devem,2
leonel,2
avenida,2
autarquia,2
totalmente,2
lamentou,2
ponta,2
asr,2
número,2
garrafa,2
extinto,2
pescadores,2
sair,2
mãos,2
vista,2
restauração,2
freamunde,2
vão,2
relacionada,2
coldre,2
detetadas,2
roupa,2
entrada,2
hall,2
indicação,2
evitar,2
declarações,2
torreira,2
000,2
mão,2
tv,2
mtavari,2
televisão,2
atropelada,2
autopsiado,2
localizada,2
tablet,2
suicídio,2
tratado,2
lá,2
luso,2
colisão,2
acionado,2
helicóptero,2
decorrer,2
idades,2
tidas,2
fizeram,2
equipas,2
esclarecimentos,2
obter,2
sousa,2
vale,2
resgate,2
desabitada,2
dados,2
condenou,2
colhido,2
cabo,2
levadas,2
prostituir,2
obrigar,2
condena,2
forças,2
osvaldo,2
pormenores,2
referentes,2
normas,2
pouco,2
apreendidas,2
ravina,2
guineense,2
primeiras,2
porte,2
ordenou,2
superiores,2
sofre,2
vieira,2
autocarro,2
usava,2
estimado,2
bordo,2
reverter,2
fonseca,2
fernando,2
doutor,2
professor,2
36,2
correia,2
84,2
assinala,2
facada,2
embate,2
destroços,2
cortada,2
sivicc,2
integrado,2
especificou,2
ambos,2
relação,2
amares,2
consumiu,2
empresa,2
rbf,2
partir,2
paris,2
circulava,2
relações,2
eletricidade,2
iluminação,2
sonora,2
vingar,2
entrou,2
transbordo,2
150,2
ocupante,2
mls,2
jpc,2
intercetada,2
bombas,2
virtude,2
coronavírus,2
ciclomotor,2
serem,2
condução,2
integridade,2
coletivo,2
extensível,2
bastão,2
diretoria,2
atingida,2
pôs,2
positivo,2
emmanuel,2
francês,2
preventivo,2
afastamento,2
dela,2
agredir,2
rádio,2
poderá,2
benfica,2
derrubou,2
grua,2
daquele,2
hipopótamo,2
emitido,2
avançado,2
citada,2
origem,2
mantém,2
agenda,2
daqueles,2
administrador,2
carreiras,2
guerra,2
realizou,2
propriedade,2
ficar,2
forte,2
diário,2
programa,2
tal,2
andaime,2
aplicada,2
auxílio,2
silva,2
santos,2
braço,2
la,2
pescador,2
relata,2
provado,2
mim,2
ajax,2
quincy,2
amg,2
faixa,2
toda,2
bem,2
essa,2
deteção,2
réplica,2
amaral,2
marim,2
envolvidas,2
cometidos,2
jornalista,2
trump,2
ap,2
confirmação,2
chegar,2
45,2
andrews,2
contar,2
união,2
onda,2
australiano,2
conflito,2
disparado,2
nós,2
sad,2
desconhecida,2
pessoa,2
tice,2
delegada,2
socorrido,2
pja,2
68,2
futebol,2
mundo,2
estabilizado,2
clínico,2
campeonato,2
clube,2
fazem,2
sofrido,2
apropriação,2
atirador,2
tejo,2
peito,2
retomadas,2
serão,2
marítimo,2
salva,2
vam,2
castro,2
vez,2
rochosa,2
açores,2
amiga,2
desestruturada,2
barco,2
detetou,2
suinícolas,2
mesmos,2
frisou,2
realização,2
sublinhou,2
brancas,2
estação,2
atirou,2
passava,2
efetuado,2
salvamento,2
alvo,2
jan,2
identificados,2
cavaleiros,1
macedo,1
corotelo,1
bar,1
estacionado,1
medica,1
envolvido,1
carrasco,1
referência,1
helitransportada,1
falecer,1
resistir,1
acabaria,1
envolve,1
galegos,1
vilarinhos,1
comunitária,1
transmissão,1
avistado,1
deixado,1
entrado,1
romena,1
êxito,1
encontrar,1
brasileiro,1
vaya,1
desconhecidas,1
53,1
mira,1
interrompidas,1
coordenação,1
ativou,1
adeptos,1
instituições,1
atletas,1
clubes,1
mensagens,1
endereçaram,1
profissionais,1
agradecemos,1
cantos,1
agradecem,1
ribatejanos,1
facebook,1
xira,1
franca,1
mica,1
chegadas,1
privados,1
seguranças,1
oitos,1
algo,1
fornece,1
820,1
australianas,1
908,1
vírus,1
resto,1
infeções,1
desencadearam,1
apreço,1
demonstração,1
gigantesca,1
juntaram,1
pandémico,1
livro,1
rapidamente,1
implementado,1
dan,1
relatório,1
encarcerada,1
indicado,1
anteriormente,1
quilómetro,1
loures,1
talha,1
almeirim,1
alverquense,1
finalizou,1
humana,1
celebração,1
telegraaf,1
divulgação,1
pediu,1
quarentenas,1
pede,1
covi,1
citando,1
holandeses,1
lateral,1
cortado,1
fraco,1
claros,1
vitoriana,1
comunidade,1
quero,1
utrecht,1
sintomas,1
apresenta,1
distância,1
realizará,1
executiva,1
implique,1
cancelar,1
povoação,1
pequena,1
abcoude,1
armazém,1
impedido,1
interpuseram,1
pescoço,1
esfaqueou,1
príncipe,1
tomé,1
preparação,1
quadro,1
risco,1
avaliação,1
eliseu,1
holandesa,1
seleção,1
representou,1
decorrentes,1
lesões,1
baixos,1
países,1
conduziu,1
apresentada,1
servida,1
giela,1
paio,1
oculares,1
testemunhas,1
assinar,1
sevilha,1
moscovo,1
spartak,1
twente,1
profissional,1
golos,1
marcou,1
jogos,1
testou,1
prevista,1
tunning,1
acrescentando,1
carro,1
101,1
assemelhavam,1
encostadas,1
procediam,1
manter,1
deverá,1
espalhados,1
derramado,1
óleo,1
fechadas,1
permanecem,1
cada,1
faixas,1
ligeiramente,1
deixa,1
jlg,1
prestar,1
gonzaga,1
luís,1
sb,1
superior,1
peso,1
comprimento,1
fibra,1
marítimos,1
acionados,1
politraumatizado,1
perdido,1
transformada,1
prevenção,1
divisão,1
ª,1
esquadra,1
efetivo,1
parou,1
cessar,1
desobedecer,1
atingiram,1
só,1
pernas,1
refojos,1
parar,1
recusou,1
reais,1
bagos,1
detiveram,1
movimentações,1
verificarem,1
673,1
43,1
hyn,1
detalhes,1
informada,1
convenientes,1
fixação,1
desconhecer,1
intimidação,1
sequer,1
judiciárias,1
epri,1
reação,1
pasteleira,1
contactou,1
recolheu,1
222,1
som,1
coluna,1
235,1
599,1
desempregado,1
numerário,1
844,1
103,1
570,1
transação,1
efetuar,1
preparavam,1
ónus,1
analisou,1
morgado,1
diogo,1
mães,1
vive,1
maiorga,1
fervença,1
identificada,1
proprietária,1
funcionar,1
encerrado,1
encerrou,1
eventuais,1
cacém,1
santiago,1
definitiva,1
contrapartida,1
privadas,1
gestão,1
provenientes,1
35mm,1
operada,1
companheiro,1
tipos,1
funcionamento,1
normal,1
garantam,1
adotadas,1
utilidade,1
atendendo,1
encargos,1
financiados,1
imobiliários,1
projetos,1
sabedoria,1
universal,1
group,1
heavy,1
méssene,1
legais,1
representantes,1
respetivo,1
64,1
património,1
integrar,1
passam,1
irrevogável,1
devolvida,1
mercadoria,1
salgada,1
bivalve,1
molusco,1
conhecido,1
edule,1
cerastoderma,1
centímetros,1
comercializado,1
mercadorias,1
pesado,1
moluscos,1
dirigida,1
públicos,1
fundos,1
edifícios,1
ativos,1
rcr,1
ingombota,1
cabral,1
amílcar,1
sapiens,1
eucaliptos,1
torres,1
talatona,1
residence,1
monalisa,1
realizaram,1
argentinas,1
rpc,1
espécimes,1
submetido,1
subdural,1
hematoma,1
participou,1
luque,1
leopoldo,1
perícias,1
andré,1
saber,1
ordenadas,1
isidro,1
ocorrida,1
argentino,1
diego,1
maximiliano,1
incluindo,1
subir,1
salvar,1
incêndios,1
conferência,1
nepalesa,1
licença,1
funcionava,1
reunião,1
ccc,1
inquérito,1
abriu,1
argentina,1
justiça,1
cosachov,1
agustina,1
psiquiatra,1
scmp,1
post,1
morning,1
south,1
jornal,1
residencial,1
moinho,1
liamba,1
cabeças,1
apreenderam,1
cultivar,1
agrícola,1
terreno,1
policiamento,1
banho,1
janela,1
flora,1
fauna,1
comércio,1
convenção,1
certificado,1
necessita,1
vias,1
contendo,1
fluvial,1
765,1
avaliados,1
205,1
acolhido,1
década,1
encontram,1
hospitalizados,1
responsabilidades,1
apuramento,1
contraordenacional,1
últimas,1
eleito,1
círculo,1
belém,1
aberto,1
respetivos,1
licenciamento,1
interiores,1
culturas,1
instalação,1
cites,1
ameaçadas,1
silvestres,1
nelson,1
furtado,1
miguel,1
nomeação,1
pedido,1
exoneração,1
proposta,1
presidência,1
portal,1
exercer,1
cyc,1
europeias,1
enguias,1
puníveis,1
poderão,1
infrações,1
diferentes,1
diversas,1
mola,1
reprodução,1
carabinas,1
efetuadas,1
abusivo,1
violento,1
verificando,1
exercia,1
caria,1
mudança,1
substituir,1
socialista,1
substitui,1
fileiras,1
gafanha,1
costeira,1
juntar,1
tentado,1
cumprir,1
condicional,1
liberdade,1
macedónia,1
austríaca,1
dupla,1
levar,1
podendo,1
interdita,1
cuja,1
covilhã,1
calibres,1
califado,1
atuaram,1
feria,1
consumado,1
roubaram,1
doado,1
próprio,1
considerado,1
higiossanitário,1
interdito,1
mestre,1
313,1
localizar,1
posteriores,1
77,1
nazaré,1
assaltantes,1
determinado,1
tapada,1
abatido,1
combatente,1
evoca,1
amaq,1
propaganda,1
assaltante,1
foto,1
acompanhado,1
separado,1
texto,1
ópera,1
sinagoga,1
registados,1
pânico,1
botão,1
soldado,1
atribui,1
telegram,1
redes,1
publicado,1
reivindicou,1
jihadista,1
reivindica,1
separação,1
42,1
dispositivo,1
monte,1
procurado,1
continuava,1
beirute,1
naquele,1
homicídios,1
flagelos,1
organizado,1
rivais,1
cartéis,1
questões,1
território,1
encetaram,1
intercetar,1
conseguiram,1
115,1
aprrendidas,1
teleassistência,1
aplicado,1
considerar,1
identidade,1
desmembrados,1
tortura,1
bala,1
par,1
apresentavam,1
informativa,1
coagido,1
saiu,1
idoso,1
jgs,1
espanholas,1
informadas,1
espanhol,1
pcr,1
encontrados,1
rural,1
abandonados,1
precisando,1
possivelmente,1
contratados,1
assassinos,1
trás,1
cinotécnica,1
cão,1
octogenária,1
sabroso,1
81,1
possibilidade,1
admitem,1
linhas,1
provincial,1
mangal,1
matam,1
morelia,1
populações,1
permita,1
marinhas,1
ocorrer,1
envolveram,1
ueps,1
procurada,1
reside,1
montes,1
tangamandapio,1
agrícolas,1
trabalhadores,1
confiscada,1
fiscais,1
aperceberam,1
fundeado,1
abandonaram,1
bidoeira,1
deteta,1
eyc,1
físicos,1
infligir,1
sustentável,1
visam,1
épocas,1
decorre,1
descoberto,1
sofala,1
impedem,1
144,1
máximo,1
ponto,1
depuração,1
assegurasse,1
mecanismo,1
armazenagem,1
livremente,1
escorrer,1
confrontados,1
agropecuária,1
proveniente,1
caixas,1
dissimulados,1
caranguejos,1
maphossa,1
césar,1
neutralizados,1
sejam,1
multas,1
pesadas,1
incorrem,1
responsáveis,1
600,1
descobriram,1
dundo,1
rdcongo,1
congo,1
democrática,1
frustrou,1
congoleses,1
última,1
apanhar,1
época,1
100,1
tonelada,1
apreendem,1
destes,1
colaboração,1
kudissanga,1
denominada,1
angop,1
noticiosa,1
citado,1
pretendiam,1
traficantes,1
supostos,1
beneficiário,1
2011,1
processamento,1
moçambicanas,1
lfo,1
interesse,1
acompanhará,1
disciplinar,1
abertos,1
correram,1
colegas,1
ouvir,1
envio,1
preenchimento,1
logrando,1
falsificado,1
detida,1
divulgado,1
alentejano,1
ll,1
escalado,1
execução,1
substituíssem,1
subordinados,1
efectivo,1
ordenado,1
líquido,1
recebeu,1
direito,1
tivesse,1
embora,1
escala,1
protegida,1
patrulha,1
regressavam,1
acampamento,1
próximo,1
magude,1
naturais,1
recursos,1
departamento,1
afetos,1
tratam,1
revista,1
abordada,1
nervoso,1
demonstrou,1
122,1
estremoz,1
alvejando,1
disparou,1
disso,1
desconhecidos,1
discutir,1
fiscal,1
estampilha,1
espirituosas,1
litros,1
impressora,1
computador,1
decorreu,1
meã,1
autos,1
elaborou,1
próximos,1
intercetaram,1
lyn,1
site,1
inglaterra,1
farnborough,1
ligação,1
aviation,1
jota,1
acondicionamento,1
plástico,1
sacos,1
tesoura,1
digital,1
gramas,1
viçosa,1
residências,1
relativos,1
dignos,1
incidentes,1
parado,1
aterragem,1
delgado,1
humberto,1
aterra,1
acessórios,1
cartuchos,1
relato,1
permitidos,1
exercício,1
250,1
inferior,1
rixa,1
dd,1
carregador,1
fcc,1
49,1
danificadas,1
cartucho,1
nações,1
parque,1
judite,1
barca,1
coura,1
concelhos,1
longo,1
desenvolvida,1
35,1
npa,1
niccoa,1
ambientais,1
contraordenações,1
resgatou,1
resgata,1
gps,1
aparelho,1
fotográfica,1
máquina,1
computadores,1
resultaram,1
verde,1
praticado,1
terminou,1
henrique,1
oe2021,1
ns,1
colaborou,1
veterinário,1
acolhia,1
antirrábica,1
vacinação,1
falta,1
visível,1
higiene,1
condições,1
sobrepopulação,1
cenário,1
depararam,1
deram,1
gouveia,1
executivo,1
fosse,1
iria,1
anunciava,1
rodrigues,1
ferro,1
assembleia,1
expediente,1
lido,1
ausência,1
atraso,1
parlamento,1
orçamento,1
generalidade,1
começar,1
esperaram,1
eram,1
hemiciclo,1
invólucros,1
referindo,1
registar,1
intercetados,1
acabaram,1
puseram,1
especificada,1
estacionadas,1
rego,1
conversa,1
espera,1
seguiram,1
começaremos,1
chegarem,1
salvação,1
aprovou,1
aceitarem,1
distintos,1
rcp,1
aprova,1
haia,1
minuto,1
discursar,1
titular,1
matos,1
godinho,1
bancada,1
cadeiras,1
rearrumarem,1
ministros,1
notícias,1
4,1
emprestar,1
pronto,1
dizer,1
cedido,1
salarial,1
vnv,1
recusa,1
ramo,1
empréstimos,1
congelado,1
hoekstra,1
wopke,1
aceitado,1
milhares,1
suprimir,1
recolhida,1
surgiu,1
cariz,1
situações,1
imagens,1
conteúdos,1
partilhar,1
equipamentos,1
esses,1
utilizava,1
informáticos,1
ficheiros,1
continham,1
despesas,1
prevê,1
indica,1
utilizados,1
intercetado,1
encetar,1
tentou,1
solidário,1
csr,1
jf,1
363,1
lucro,1
compara,1
perdeu,1
podem,1
salariais,1
afetados,1
particularmente,1
publicação,1
reiteramos,1
rápida,1
desejamos,1
alemã,1
manifestou,1
estrangeiros,1
negócios,1
twitter,1
sudoeste,1
pedonal,1
atropeladas,1
alemãs,1
reiterando,1
expressou,1
sym,1
chuva,1
impacto,1
vizinha,1
muro,1
hospitalizadas,1
precedentes,1
chuvas,1
desabamento,1
pta,1
luxemburgo,1
fronteira,1
frankfurt,1
evitarem,1
pediram,1
rede,1
mensagem,1
comercial,1
guangxi,1
intimidar,1
portas,1
destruiu,1
descreveu,1
navalha,1
machada,1
ameaçado,1
verificaram,1
barcos,1
usaram,1
registando,1
estabelecido,1
recorde,1
quebrou,1
anteriores,1
sociedade,1
rancor,1
mentais,1
descritos,1
cc,1
bamako,1
enchentes,1
deslocadas,1
nepal,1
bangladesh,1
550,1
severas,1
afetadas,1
ásia,1
retirar,1
urd,1
democracia,1
reiterou,1
me,1
terrível,1
confirmo,1
membro,1
tratamento,1
transferido,1
anunciaram,1
71,1
mantido,1
principal,1
infância,1
empunhando,1
escola,1
verbal,1
nenhuma,1
sofri,1
libertados,1
troca,1
italianos,1
pétronin,1
sophie,1
francesa,1
tempo,1
libertado,1
tumbuktu,1
campanha,1
março,1
sequestrado,1
figura,1
atos,1
muçulmano,1
ilegalizou,1
semelhantes,1
autores,1
caseiros,1
explosivos,1
facas,1
geralmente,1
massa,1
restringe,1
chinesa,1
ilegaliza,1
presidenciais,1
computação,1
engenheiro,1
sharia,1
implementada,1
símbolos,1
dissolução,1
ordens,1
apesar,1
atividades,1
defesa,1
jornalistas,1
mahfud,1
mohammad,1
islâmicos,1
culto,1
ocidentais,1
embaixadas,1
vandalismo,1
alargar,1
vindo,1
permanece,1
motivo,1
yang,1
sobrenome,1
media,1
balneário,1
sauna,1
perpetrado,1
liaoning,1
kaiyuan,1
estatais,1
noticiaram,1
muçulmanos,1
230,1
indicando,1
sinistro,1
mortas,1
hn,1
viação,1
entregou,1
shihab,1
rizieg,1
cristão,1
governador,1
protestos,1
organizou,1
caridade,1
humanitárias,1
missões,1
influência,1
doente,1
ondjiva,1
causados,1
constatar,1
àquela,1
governante,1
ministra,1
lamenta,1
angolano,1
manifestações,1
organizando,1
travar,1
impostas,1
restrição,1
incitar,1
acidentes,1
linha,1
hospitalares,1
unidades,1
transferir,1
oxigênio,1
armazenamento,1
cirúrgicas,1
enfermarias,1
operatório,1
bloco,1
afetou,1
especiais,1
cuidados,1
necessitava,1
nascido,1
recém,1
obras,1
fase,1
nascimento,1
sozinha,1
extinguiram,1
gonçalves,1
roberto,1
dormir,1
cuanhama,1
colocados,1
atendimento,1
melhor,1
centros,1
transferidos,1
demais,1
pior,1
ateado,1
consumido,1
chegámos,1
apresentar,1
gases,1
sol,1
continuidade,1
encontro,1
psiquiátricos,1
problemas,1
sofridas,1
medo,1
infligiu,1
apurarem,1
niave,1
específicas,1
fecais,1
coliformes,1
excessivas,1
percentagens,1
habitável,1
relevo,1
registaram,1
contudo,1
carecendo,1
receberam,1
ateando,1
peças,1
interceção,1
ali,1
causou,1
habitacional,1
transportadas,1
ambas,1
sofreram,1
nesta,1
consumir,1
estivesse,1
querer,1
motivada,1
conduzindo,1
embriagada,1
cajados,1
respetiva,1
prosseguirá,1
conhecimento,1
realojamentos,1
sfyr,1
zugdidi,1
poderem,1
colocou,1
senhora,1
saída,1
forçou,1
senhor,1
bocadinho,1
incendiou,1
feitas,1
quantas,1
soviética,1
incerto,1
faz,1
tbilisi,1
moura,1
vídeo,1
canal,1
bancárias,1
falar,1
420,1
dólares,1
exige,1
granada,1
sequestrador,1
estatal,1
neutralizar,1
montou,1
bancária,1
sucursal,1
isolou,1
exigências,1
trabalhos,1
tangil,1
desencarceramento,1
saísse,1
tentaram,1
dezenas,1
44,1
abate,1
procedia,1
coberto,1
rosto,1
uniforme,1
vestido,1
chão,1
sentadas,1
mostra,1
automóveis,1
socorros,1
chorente,1
ccm,1
melgaço,1
elas,1
psicólogos,1
acionou,1
comprovar,1
veio,1
apontavam,1
iniciais,1
acionadas,1
aéreo,1
contactada,1
florestais,1
socorrida,1
encontradas,1
socorrer,1
resgatada,1
vizela,1
bombeiro,1
pereira,1
júlio,1
projetada,1
regilde,1
destino,1
voo,1
embarcar,1
tentava,1
mse,1
viatodos,1
condolências,1
endereçando,1
algueirão,1
leixões,1
arcozelo,1
inferiores,1
jnm,1
introdução,1
facilitação,1
aquisição,1
envolvimento,1
preparava,1
quilograma,1
cintura,1
dissimulada,1
maneira,1
datado,1
acusação,1
despacho,1
sós,1
momentos,1
aproveitando,1
viver,1
abusos,1
agravado,1
abusar,1
51,1
parcialmente,1
aguda,1
cozinha,1
gil,1
augusto,1
mantiveram,1
lamentando,1
colaborar,1
disponível,1
naturalmente,1
estando,1
interna,1
averiguação,1
abertura,1
optado,1
retaliação,1
cometido,1
tenha,1
admitiu,1
grijó,1
figueirinha,1
s,1
averiguar,1
esclareceu,1
umas,1
atingiu,1
estrutura,1
manuseava,1
face,1
pft,1
contaram,1
carinha,1
atrás,1
marcha,1
manobra,1
vasco,1
alçada,1
chamou,1
atingindo,1
derrubado,1
públicas,1
constituição,1
avô,1
telefonou,1
tinham,1
rapazes,1
pancada,1
manuseamento,1
sabendo,1
desconhece,1
famalicenses,1
graus,1
martinho,1
queixa,1
72,1
homicida,1
motivação,1
clara,1
recolhidos,1
atribuiu,1
declaração,1
dor,1
causar,1
modo,1
discutiu,1
acrescentaram,1
ocorreram,1
hidalgo,1
imediatamente,1
adiantar,1
pm,1
vsym,1
razões,1
órgão,1
reservada,1
competência,1
chamada,1
domingos,1
invadiu,1
invade,1
adequadas,1
trabalhador,1
manobras,1
74,1
igrejas,1
berma,1
fráguas,1
valadares,1
conduzida,1
esquerdo,1
gulpilhares,1
sf,1
jga,1
adicionais,1
remeteu,1
confirmassem,1
dispunha,1
relvado,1
dá,1
renascença,1
avançada,1
fornecer,1
forçando,1
agredi,1
continuou,1
contacto,1
aplicadas,1
haviam,1
agravada,1
ameaça,1
57,1
carlos,1
contactado,1
contexto,1
perceber,1
havido,1
eventualmente,1
presumível,1
passada,1
63,1
omissão,1
tentada,1
ombro,1
consideráveis,1
provocando,1
alvejar,1
sexagenário,1
entregar,1
coagiu,1
ameaçou,1
episódio,1
recente,1
alimentação,1
desaparecidos,1
balear,1
gr,1
morgue,1
conversações,1
secreta,1
visita,1
libertar,1
desloca,1
washington,1
solicitada,1
constataram,1
originou,1
destruído,1
almoçar,1
convivas,1
vermelha,1
cruz,1
primeiros,1
razão,1
trauma,1
austin,1
procurar,1
patel,1
kash,1
donald,1
assessor,1
press,1
associated,1
journal,1
street,1
wall,1
dirigentes,1
confirmadas,1
cranioencefálica,1
lesão,1
visitas,1
prisões,1
considera,1
virgínia,1
psicólogo,1
kamalmaz,1
majd,1
outo,1
importante,1
cobria,1
texas,1
obtiver,1
viu,1
imediações,1
transeunte,1
violenta,1
investiga,1
internado,1
dificuldades,1
área,1
alertado,1
leste,1
ape,1
embaixador,1
regresso,1
americana,1
embaixada,1
encerramento,1
acolheu,1
descansar,1
precisar,1
pretexto,1
maio,1
aplicando,1
pernoita,1
acesso,1
difícil,1
confirmaram,1
delegado,1
piquete,1
recebida,1
domínio,1
fora,1
colunas,1
jurídico,1
dever,1
alheada,1
personalidade,1
decisão,1
suspender,1
hipótese,1
exclui,1
sexuais,1
envergava,1
tirou,1
braços,1
prendeu,1
agarrou,1
abordou,1
aprontava,1
ferragudo,1
ativada,1
jygo,1
141,1
indemnização,1
pagar,1
condenar,1
julgou,1
avistamento,1
arriba,1
lúdica,1
praticava,1
estaquinha,1
aparentando,1
apresentava,1
conclui,1
comunal,1
cujo,1
lavras,1
saíam,1
camponeses,1
princípio,1
sobreviventes,1
mamífero,1
artesanal,1
kwanza,1
registou,1
camacupa,1
marina,1
transportando,1
recolha,1
procedeu,1
julgamento,1
produzida,1
testemunhal,1
documental,1
prova,1
condenação,1
magistrada,1
qualificada,1
construa,1
necessário,1
dimensão,1
frisando,1
conhecer,1
sambango,1
baptista,1
muinha,1
habilitação,1
ofensa,1
designadamente,1
vinha,1
absolvido,1
audiências,1
documento,1
duração,1
sexta,1
proibidas,1
compareceu,1
graduado,1
aberta,1
rebelo,1
joaquim,1
j,1
acórdão,1
leitura,1
simples,1
2013,1
matado,1
mitrena,1
coimbrões,1
averiguações,1
iniciadas,1
aguardar,1
removeu,1
marinha,1
flutuante,1
viram,1
rui,1
capitania,1
indiciou,1
preventivamente,1
fitas,1
preservado,1
preso,1
beirã,1
bica,1
passageiros,1
único,1
indicaram,1
mesmas,1
524,1
barcelinhos,1
cortar,1
apontam,1
milhazes,1
convencida,1
obrigada,1
acionada,1
relativamente,1
aguarda,1
submetida,1
sujeição,1
vezes,1
atualidade,1
obtidos,1
proveitos,1
sujeitava,1
comunhão,1
sujeitas,1
acolhimento,1
colocada,1
autarca,1
vereador,1
reis,1
almirante,1
recolher,1
indivíduos,1
habitada,1
danificou,1
amb,1
sequestro,1
indicia,1
comarca,1
cedia,1
dependente,1
promessa,1
voltar,1
solicitado,1
teriam,1
enviados,1
seriam,1
falsos,1
prender,1
conseguimos,1
negativos,1
resultados,1
falsificar,1
falsificação,1
eyac,1
provocados,1
complementando,1
inabitável,1
mencionou,1
chega,1
fim,1
turismo,1
vistos,1
retoma,1
nyusi,1
fronteiras,1
reforçado,1
entrar,1
obrigatório,1
comparsa,1
localização,1
foragido,1
confessou,1
muchine,1
fins,1
género,1
oitava,1
ocidental,1
nadava,1
atacado,1
sydney,1
recuperadas,1
dadas,1
87,1
053,1
óbitos,1
121,1
casos,1
877,1
cumulativo,1
contabiliza,1
salvá,1
paramédicos,1
assistida,1
café,1
pinto,1
ângela,1
retirada,1
mordeu,1
coxa,1
atacou,1
índico,1
oceano,1
cable,1
turística,1
agências,1
noticiam,1
adultos,1
exemplares,1
210,1
datada,1
csiro,1
governamental,1
científica,1
estudos,1
ninguém,1
contabilizaram,1
1929,1
elevado,1
areia,1
famosa,1
fechou,1
hora,1
comum,1
levando,1
refugiada,1
nypd,1
apple,1
big,1
hospitais,1
transportados,1
controlados,1
pendente,1
verificou,1
roubos,1
38,1
perigosos,1
considerados,1
brancos,1
frequentar,1
injuriar,1
intencional,1
especificaram,1
unidos,1
estados,1
impondo,1
determinou,1
refugiando,1
abandonar,1
menor,1
agredia,1
insultava,1
diária,1
frequência,1
retrata,1
disponibilizada,1
pescar,1
gestosa,1
valverde,1
hfi,1
mobilizada,1
65,1
jesufrei,1
provocar,1
chegando,1
episódios,1
perseguição,1
comportamentos,1
perseguia,1
injuriava,1
800,1
coberta,1
vizinho,1
tampa,1
importam,1
negras,1
movimento,1
atropelou,1
automobilista,1
atropela,1
arrifana,1
romariz,1
haveres,1
proximidades,1
iniciaram,1
alertadas,1
saído,1
atropelados,1
pé,1
informar,1
desmobilizaram,1
fiscalizar,1
circulavam,1
valada,1
declarada,1
reguengo,1
rodoviário,1
ayr,1
recusado,1
hipotermia,1
resgataram,1
cordas,1
recorrendo,1
eletrocussão,1
coimbra,1
universitário,1
66,1
consigo,1
amorosa,1
masculino,1
patrimoniais,1
obtenção,1
acompanhada,1
tratando,1
tiroteio,1
entanto,1
direção,1
tiros,1
syl,1
capitão,1
acompanhavam,1
hb,1
amf,1
furto,1
informática,1
burla,1
profanação,1
indiciados,1
moram,1
caminho,1
abandonado,1
dume,1
urbana,1
assassinada,1
pertencia,1
